<application>
  <component name="ExportableFileTemplateSettings">
    <internal_templates>
      <template name="Class.java" reformat="true" live-template-enabled="true" enabled="true" />
    </internal_templates>
    <default_templates>
      <template name="ValueObject.java" reformat="true" live-template-enabled="true" />
    </default_templates>
    <code_templates>
      <template name="JUnit3 Test Class.java" reformat="true" live-template-enabled="true" enabled="true" />
      <template name="JUnit4 Test Class.java" reformat="true" live-template-enabled="true" enabled="true" />
      <template name="JUnit5 Test Class.java" reformat="true" live-template-enabled="true" enabled="true" />
      <template name="JUnit5 Test Method.java" reformat="true" live-template-enabled="true" enabled="true" />
    </code_templates>
  </component>
</application>